{"cameraMode":{"drawMode":0,"name":"Shaded","section":"Shading Mode"},"sceneLighting":false,"audioPlay":false,"sceneViewState":{"showFog":false,"showMaterialUpdate":false,"showSkybox":false,"showFlares":false,"showImageEffects":false,"showParticleSystems":false},"in2DMode":false,"pivot":{"x":204.094970703125,"y":-48.29534149169922,"z":19.128496170043947},"rotation":{"x":0.021842893213033677,"y":-0.975317120552063,"z":0.1883929967880249,"w":0.11308183521032334},"size":262.6226806640625,"orthographic":false}