{"cameraMode":{"drawMode":0,"name":"Shaded","section":"Shading Mode"},"sceneLighting":false,"audioPlay":false,"sceneViewState":{"showFog":false,"showMaterialUpdate":false,"showSkybox":false,"showFlares":false,"showImageEffects":false,"showParticleSystems":false},"in2DMode":false,"pivot":{"x":0.9760417938232422,"y":-0.29420626163482668,"z":-0.3666260242462158},"rotation":{"x":-0.17405670881271363,"y":-0.22612838447093965,"z":0.04110470786690712,"w":-0.9575388431549072},"size":2.8578836917877199,"orthographic":false}